id,nome,codigo,sigla,padrao
1,Brasil,BRA,BR,S
2,Argentina,ARG,AR,N
3,Uruguai,URY,UY,N
4,Afeganistão,AFG,AF,N
5,"África do Sul",ZAF,ZA,N
6,"Aland, Ilhas",ALA,AX,N
7,Albânia,ALB,AL,N
8,Alemanha,DEU,DE,N
9,Andorra,AND,AD,N
10,Angola,AGO,AO,N
11,Anguilla,AIA,AI,N
12,Antárctida,ATA,AQ,N
13,"Antigua e Barbuda",ATG,AG,N
14,"Antilhas Holandesas",ANT,AN,N
15,"Arábia Saudita",SAU,SA,N
16,Argélia,DZA,DZ,N
17,Arménia,ARM,AM,N
18,Aruba,ABW,AW,N
19,Austrália,AUS,AU,N
20,Áustria,AUT,AT,N
21,Azerbeijão,AZE,AZ,N
22,Bahamas,BHS,BS,N
23,Bahrain,BHR,BH,N
24,Bangladesh,BGD,BD,N
25,Barbados,BRB,BB,N
26,Bélgica,BEL,BE,N
27,Belize,BLZ,BZ,N
28,Benin,BEN,BJ,N
29,Bermuda,BMU,BM,N
30,Bielo-Rússia,BLR,BY,N
31,Bolívia,BOL,BO,N
32,Bósnia-Herzegovina,BIH,BA,N
33,Botswana,BWA,BW,N
34,"Bouvet, Ilha",BVT,BV,N
35,Brunei,BRN,BN,N
36,Bulgária,BGR,BG,N
37,"Burkina Faso",BFA,BF,N
38,Burundi,BDI,BI,N
39,Butão,BTN,BT,N
40,"Cabo Verde",CPV,CV,N
41,Camarões,CMR,CM,N
42,Cambodja,KHM,KH,N
43,Canadá,CAN,CA,N
44,"Cayman, Ilhas",CYM,KY,N
45,Cazaquistão,KAZ,KZ,N
46,"Centro-africana, República",CAF,CF,N
47,Chade,TCD,TD,N
48,"Checa, República",CZE,CZ,N
49,Chile,CHL,CL,N
50,China,CHN,CN,N
51,Chipre,CYP,CY,N
52,"Christmas, Ilha",CXR,CX,N
53,"Cocos, Ilhas",CCK,CC,N
54,Colômbia,COL,CO,N
55,Comores,COM,KM,N
56,"Congo, República Democrática do (antigo Zaire)",COD,CD,N
57,"Congo, República do",COG,CG,N
58,"Cook, Ilhas",COK,CK,N
59,"Coreia do Sul",KOR,KR,N
60,"Coreia, República Democrática da (Coreia do Norte)",PRK,KP,N
61,"Costa do Marfim",CIV,CI,N
62,"Costa Rica",CRI,CR,N
63,Croácia,HRV,HR,N
64,Cuba,CUB,CU,N
65,Dinamarca,DNK,DK,N
66,Djibouti,DJI,DJ,N
67,Dominica,DMA,DM,N
68,"Dominicana, República",DOM,DO,N
69,Egipto,EGY,EG,N
70,"El Salvador",SLV,SV,N
71,"Emiratos Árabes Unidos",ARE,AE,N
72,Equador,ECU,EC,N
73,Eritreia,ERI,ER,N
74,Eslováquia,SVK,SK,N
75,Eslovénia,SVN,SI,N
76,Espanha,ESP,ES,N
77,"Estados Unidos da América",USA,US,N
78,Estónia,EST,EE,N
79,Etiópia,ETH,ET,N
80,"Faroe, Ilhas",FRO,FO,N
81,Fiji,FJI,FJ,N
82,Filipinas,PHL,PH,N
83,Finlândia,FIN,FI,N
84,França,FRA,FR,N
85,Gabão,GAB,GA,N
86,Gâmbia,GMB,GM,N
87,Gana,GHA,GH,N
88,Geórgia,GEO,GE,N
89,"Geórgia do Sul e Sandwich do Sul, Ilhas",SGS,GS,N
90,Gibraltar,GIB,GI,N
91,Grécia,GRC,GR,N
92,Grenada,GRD,GD,N
93,Gronelândia,GRL,GL,N
94,Guadeloupe,GLP,GP,N
95,Guam,GUM,GU,N
96,Guatemala,GTM,GT,N
97,Guernsey,GGY,GG,N
98,Guiana,GUY,GY,N
99,"Guiana Francesa",GUF,GF,N
100,"Guiné Equatorial",GNQ,GQ,N
101,Guiné-Bissau,GNB,GW,N
102,Guiné-Conacri,GIN,GN,N
103,Haiti,HTI,HT,N
104,"Heard e Ilhas McDonald, Ilha",HMD,HM,N
105,Honduras,HND,HN,N
106,"Hong Kong",HKG,HK,N
107,Hungria,HUN,HU,N
108,Iémen,YEM,YE,N
109,Índia,IND,IN,N
110,Indonésia,IDN,ID,N
111,Irão,IRN,IR,N
112,Iraque,IRQ,IQ,N
113,Irlanda,IRL,IE,N
114,Islândia,ISL,IS,N
115,Israel,ISR,IL,N
116,Itália,ITA,IT,N
117,Jamaica,JAM,JM,N
118,Japão,JPN,JP,N
119,Jersey,JEY,JE,N
120,Jordânia,JOR,JO,N
121,Kiribati,KIR,KI,N
122,Kuwait,KWT,KW,N
123,Laos,LAO,LA,N
124,Lesoto,LSO,LS,N
125,Letónia,LVA,LV,N
126,Líbano,LBN,LB,N
127,Libéria,LBR,LR,N
128,Líbia,LBY,LY,N
129,Liechtenstein,LIE,LI,N
130,Lituânia,LTU,LT,N
131,Luxemburgo,LUX,LU,N
132,Macau,MAC,MO,N
133,"Macedónia, República da",MKD,MK,N
134,Madagáscar,MDG,MG,N
135,Malásia,MYS,MY,N
136,Malawi,MWI,MW,N
137,Maldivas,MDV,MV,N
138,Mali,MLI,ML,N
139,Malta,MLT,MT,N
140,"Malvinas, Ilhas (Falkland)",FLK,FK,N
141,"Man, Ilha de",IMN,IM,N
142,"Marianas Setentrionais",MNP,MP,N
143,Marrocos,MAR,MA,N
144,"Marshall, Ilhas",MHL,MH,N
145,Martinica,MTQ,MQ,N
146,Maurícia,MUS,MU,N
147,Mauritânia,MRT,MR,N
148,Mayotte,MYT,YT,N
149,"Menores Distantes dos Estados Unidos, Ilhas",UMI,UM,N
150,México,MEX,MX,N
151,"Micronésia, Estados Federados da",FSM,FM,N
152,Moçambique,MOZ,MZ,N
153,Moldávia,MDA,MD,N
154,Mónaco,MCO,MC,N
155,Mongólia,MNG,MN,N
156,Montenegro,MNE,ME,N
157,Montserrat,MSR,MS,N
158,"Myanmar (antiga Birmânia)",MMR,MM,N
159,Namíbia,NAM,NA,N
160,Nauru,NRU,NR,N
161,Nepal,NPL,NP,N
162,Nicarágua,NIC,NI,N
163,Níger,NER,NE,N
164,Nigéria,NGA,NG,N
165,Niue,NIU,NU,N
166,"Norfolk, Ilha",NFK,NF,N
167,Noruega,NOR,NO,N
168,"Nova Caledónia",NCL,NC,N
169,"Nova Zelândia (Aotearoa)",NZL,NZ,N
170,Oman,OMN,OM,N
171,"Países Baixos (Holanda)",NLD,NL,N
172,Palau,PLW,PW,N
173,Palestina,PSE,PS,N
174,Panamá,PAN,PA,N
175,"Papua-Nova Guiné",PNG,PG,N
176,Paquistão,PAK,PK,N
177,Paraguai,PRY,PY,N
178,Peru,PER,PE,N
179,Pitcairn,PCN,PN,N
180,"Polinésia Francesa",PYF,PF,N
181,Polónia,POL,PL,N
182,"Porto Rico",PRI,PR,N
183,Portugal,PRT,PT,N
184,Qatar,QAT,QA,N
185,Quénia,KEN,KE,N
186,Quirguistão,KGZ,KG,N
187,"Reino Unido da Grã-Bretanha e Irlanda do Norte",GBR,GB,N
188,Reunião,REU,RE,N
189,Roménia,ROU,RO,N
190,Ruanda,RWA,RW,N
191,Rússia,RUS,RU,N
192,"Saara Ocidental",ESH,EH,N
193,"Saint Pierre et Miquelon",SPM,PM,N
194,"Salomão, Ilhas",SLB,SB,N
195,"Samoa (Samoa Ocidental)",WSM,WS,N
196,"Samoa Americana",ASM,AS,N
197,"San Marino",SMR,SM,N
198,"Santa Helena",SHN,SH,N
199,"Santa Lúcia",LCA,LC,N
200,"São Cristóvão e Névis (Saint Kitts e Nevis)",KNA,KN,N
201,"São Tomé e Príncipe",STP,ST,N
202,"São Vicente e Granadinas",VCT,VC,N
203,Senegal,SEN,SN,N
204,"Serra Leoa",SLE,SL,N
205,Sérvia,SRB,RS,N
206,Seychelles,SYC,SC,N
207,Singapura,SGP,SG,N
208,Síria,SYR,SY,N
209,Somália,SOM,SO,N
210,"Sri Lanka",LKA,LK,N
211,Suazilândia,SWZ,SZ,N
212,Sudão,SDN,SD,N
213,Suécia,SWE,SE,N
214,Suíça,CHE,CH,N
215,Suriname,SUR,SR,N
216,"Svalbard e Jan Mayen",SJM,SJ,N
217,Tailândia,THA,TH,N
218,Taiwan,TWN,TW,N
219,Tajiquistão,TJK,TJ,N
220,Tanzânia,TZA,TZ,N
221,"Terras Austrais e Antárticas Francesas (TAAF)",ATF,TF,N
222,"Território Britânico do Oceano Índico",IOT,IO,N
223,Timor-Leste,TLS,TL,N
224,Togo,TGO,TG,N
225,Tonga,TON,TO,N
226,Toquelau,TKL,TK,N
227,"Trindade e Tobago",TTO,TT,N
228,Tunísia,TUN,TN,N
229,"Turks e Caicos",TCA,TC,N
230,Turquemenistão,TKM,TM,N
231,Turquia,TUR,TR,N
232,Tuvalu,TUV,TV,N
233,Ucrânia,UKR,UA,N
234,Uganda,UGA,UG,N
235,Usbequistão,UZB,UZ,N
236,Vanuatu,VUT,VU,N
237,Vaticano,VAT,VA,N
238,Venezuela,VEN,VE,N
239,Vietname,VNM,VN,N
240,"Virgens Americanas, Ilhas",VIR,VI,N
241,"Virgens Britânicas, Ilhas",VGB,VG,N
242,"Wallis e Futuna",WLF,WF,N
243,Zâmbia,ZMB,ZM,N
244,Zimbabwe,ZWE,ZW,N
